case_id,condition,job_family,variant,coverage,complete_coverage,fabricated_count,fabricated_items,zero_fabrication,prefill_full_name,prefill_email,prefill_education_school,prefill_top_skills,prefill_all_match,abstained,should_abstain,hard_case,passed,match_score,confidence,retrieved_chunks,errors
AIML-v01_sparse_terse-p00,A,AI/ML,v01_sparse_terse,0.7143,0,0,,1,1,1,1,1,1,0,0,0,1,0,0.8,,
AIML-v02_sparse_formal-p01,A,AI/ML,v02_sparse_formal,0.8571,0,0,,1,1,1,0,1,0,0,0,0,0,0,0.8333,,
AIML-v03_sparse_plain-p02,A,AI/ML,v03_sparse_plain,0.75,0,0,,1,1,1,1,1,1,0,0,0,1,0,1.0,,
AIML-v04_sparse_verbose-p03,A,AI/ML,v04_sparse_verbose,0.875,0,0,,1,1,1,1,0,0,1,1,1,0,0,0.2857,,
AIML-v05_medium_plain-p06,A,AI/ML,v05_medium_plain,0.75,0,0,,1,1,1,0,1,0,0,1,1,0,0,0.4444,,
Software_Engineering-v01_sparse_terse-p00,A,Software Engineering,v01_sparse_terse,0.7143,0,0,,1,1,1,1,1,1,0,0,0,1,0,0.8,,
Software_Engineering-v02_sparse_formal-p01,A,Software Engineering,v02_sparse_formal,1.0,1,0,,1,1,1,0,1,0,0,0,0,0,0,1.0,,
Software_Engineering-v03_sparse_plain-p02,A,Software Engineering,v03_sparse_plain,0.6667,0,0,,1,1,1,1,1,1,0,0,0,1,0,0.6667,,
Software_Engineering-v04_sparse_verbose-p03,A,Software Engineering,v04_sparse_verbose,0.8571,0,0,,1,1,1,1,1,1,0,0,0,1,0,0.8333,,
Software_Engineering-v05_medium_plain-p06,A,Software Engineering,v05_medium_plain,0.8889,0,0,,1,1,1,0,0,0,1,1,1,0,0,0.25,,
Data_Analytics-v01_sparse_terse-p00,A,Data Analytics,v01_sparse_terse,0.8333,0,0,,1,1,1,1,1,1,0,0,0,1,0,1.0,,
Data_Analytics-v02_sparse_formal-p01,A,Data Analytics,v02_sparse_formal,0.8333,0,0,,1,1,1,0,1,0,0,0,0,0,0,0.8,,
Data_Analytics-v03_sparse_plain-p02,A,Data Analytics,v03_sparse_plain,0.75,0,0,,1,1,1,1,1,1,0,0,0,1,0,0.8333,,
Data_Analytics-v04_sparse_verbose-p03,A,Data Analytics,v04_sparse_verbose,0.8571,0,0,,1,1,1,1,1,1,0,0,0,1,0,0.8333,,
Data_Analytics-v05_medium_plain-p06,A,Data Analytics,v05_medium_plain,0.8889,0,0,,1,1,1,1,1,1,0,1,1,1,0,0.5,,
Product_Management-v01_sparse_terse-p00,A,Product Management,v01_sparse_terse,0.8333,0,0,,1,1,1,1,1,1,0,0,0,1,0,1.0,,
Product_Management-v02_sparse_formal-p01,A,Product Management,v02_sparse_formal,0.625,0,0,,1,1,1,0,1,0,0,0,0,0,0,1.0,,
Product_Management-v03_sparse_plain-p02,A,Product Management,v03_sparse_plain,0.6,0,0,,1,1,1,1,1,1,0,0,0,1,0,0.6667,,
Product_Management-v04_sparse_verbose-p03,A,Product Management,v04_sparse_verbose,0.75,0,0,,1,1,1,1,1,1,0,0,0,1,0,0.8333,,
Product_Management-v05_medium_plain-p06,A,Product Management,v05_medium_plain,0.8,0,0,,1,1,1,1,1,1,1,1,1,1,0,0.25,,
AIML-v01_sparse_terse-p00,B,AI/ML,v01_sparse_terse,0.7143,0,0,,1,1,1,1,1,1,0,0,0,1,0,0.8,,
AIML-v02_sparse_formal-p01,B,AI/ML,v02_sparse_formal,0.8571,0,0,,1,1,1,1,1,1,0,0,0,1,0,0.7,,
AIML-v03_sparse_plain-p02,B,AI/ML,v03_sparse_plain,0.75,0,0,,1,1,1,1,1,1,0,0,0,1,0,0.9,,
AIML-v04_sparse_verbose-p03,B,AI/ML,v04_sparse_verbose,0.875,0,0,,1,1,1,1,0,0,0,1,1,0,0,0.6,,
AIML-v05_medium_plain-p06,B,AI/ML,v05_medium_plain,0.75,0,0,,1,1,1,1,1,1,0,1,1,1,0,0.7,,
Software_Engineering-v01_sparse_terse-p00,B,Software Engineering,v01_sparse_terse,0.7143,0,0,,1,1,1,1,0,0,0,0,0,0,0,0.7,,
Software_Engineering-v02_sparse_formal-p01,B,Software Engineering,v02_sparse_formal,1.0,1,0,,1,1,1,1,0,0,0,0,0,0,0,0.7,,
Software_Engineering-v03_sparse_plain-p02,B,Software Engineering,v03_sparse_plain,0.6667,0,0,,1,1,1,1,0,0,0,0,0,0,0,0.7,,
Software_Engineering-v04_sparse_verbose-p03,B,Software Engineering,v04_sparse_verbose,0.8571,0,0,,1,1,1,1,1,1,0,0,0,1,0,0.8,,
Software_Engineering-v05_medium_plain-p06,B,Software Engineering,v05_medium_plain,0.8889,0,0,,1,1,1,1,0,0,0,1,1,0,0,0.6,,
Data_Analytics-v01_sparse_terse-p00,B,Data Analytics,v01_sparse_terse,0.8333,0,0,,1,1,1,1,1,1,0,0,0,1,0,0.8,,
Data_Analytics-v02_sparse_formal-p01,B,Data Analytics,v02_sparse_formal,0.8333,0,0,,1,1,1,1,1,1,0,0,0,1,0,0.7,,
Data_Analytics-v03_sparse_plain-p02,B,Data Analytics,v03_sparse_plain,0.75,0,0,,1,1,1,1,1,1,0,0,0,1,0,0.7,,
Data_Analytics-v04_sparse_verbose-p03,B,Data Analytics,v04_sparse_verbose,0.8571,0,0,,1,1,1,1,1,1,0,0,0,1,0,0.8,,
Data_Analytics-v05_medium_plain-p06,B,Data Analytics,v05_medium_plain,0.8889,0,0,,1,1,1,1,1,1,0,1,1,1,0,0.7,,
Product_Management-v01_sparse_terse-p00,B,Product Management,v01_sparse_terse,0.8333,0,0,,1,1,1,1,1,1,0,0,0,1,0,0.7,,
Product_Management-v02_sparse_formal-p01,B,Product Management,v02_sparse_formal,0.625,0,0,,1,1,1,1,1,1,0,0,0,1,0,0.7,,
Product_Management-v03_sparse_plain-p02,B,Product Management,v03_sparse_plain,0.6,0,0,,1,1,1,1,1,1,0,0,0,1,0,0.7,,
Product_Management-v04_sparse_verbose-p03,B,Product Management,v04_sparse_verbose,0.75,0,0,,1,1,1,1,1,1,0,0,0,1,0,0.8,,
Product_Management-v05_medium_plain-p06,B,Product Management,v05_medium_plain,0.8,0,0,,1,1,1,1,0,0,0,1,1,0,0,0.6,,
AIML-v01_sparse_terse-p00,C,AI/ML,v01_sparse_terse,0.7143,0,0,,1,1,1,1,1,1,0,0,0,1,0,0.92,onet_aiml_01; onet_aiml_08; onet_aiml_03; star_bullet_01,
AIML-v02_sparse_formal-p01,C,AI/ML,v02_sparse_formal,0.8571,0,0,,1,1,1,1,0,0,0,0,0,0,0,0.92,onet_aiml_01; ats_keyword_02; onet_aiml_02; ats_keyword_03,
AIML-v03_sparse_plain-p02,C,AI/ML,v03_sparse_plain,0.75,0,0,,1,1,1,1,1,1,0,0,0,1,0,0.92,onet_aiml_01; ats_keyword_02; ats_keyword_03; onet_aiml_08,
AIML-v04_sparse_verbose-p03,C,AI/ML,v04_sparse_verbose,0.875,0,0,,1,1,1,1,0,0,0,1,1,0,0,0.84,onet_aiml_01; onet_aiml_08; onet_aiml_03; onet_aiml_02,
AIML-v05_medium_plain-p06,C,AI/ML,v05_medium_plain,0.75,0,0,,1,1,1,1,1,1,0,1,1,1,0,0.88,onet_aiml_02; onet_aiml_01; onet_aiml_03; ats_keyword_02,
Software_Engineering-v01_sparse_terse-p00,C,Software Engineering,v01_sparse_terse,0.7143,0,0,,1,1,1,1,0,0,0,0,0,0,0,0.92,onet_se_04; onet_se_07; onet_se_08; ats_keyword_02,
Software_Engineering-v02_sparse_formal-p01,C,Software Engineering,v02_sparse_formal,1.0,1,0,,1,1,1,1,0,0,0,0,0,0,0,0.88,onet_se_04; onet_se_02; onet_se_07; ats_keyword_02,
Software_Engineering-v03_sparse_plain-p02,C,Software Engineering,v03_sparse_plain,0.6667,0,0,,1,1,1,1,1,1,1,0,0,1,0,0.28,onet_se_07; onet_se_01; ats_keyword_02; onet_se_04,
Software_Engineering-v04_sparse_verbose-p03,C,Software Engineering,v04_sparse_verbose,0.8571,0,0,,1,1,1,1,1,1,0,0,0,1,0,0.6913,onet_se_07; onet_se_04; ats_keyword_02; star_bullet_01,
Software_Engineering-v05_medium_plain-p06,C,Software Engineering,v05_medium_plain,0.8889,0,0,,1,1,1,1,0,0,1,1,1,0,0,0.74,onet_se_04; onet_se_07; onet_se_01; ats_keyword_02,
Data_Analytics-v01_sparse_terse-p00,C,Data Analytics,v01_sparse_terse,0.8333,0,0,,1,1,1,1,1,1,1,0,0,1,0,0.5257,onet_da_08; onet_aiml_08; onet_da_05; ats_keyword_02,
Data_Analytics-v02_sparse_formal-p01,C,Data Analytics,v02_sparse_formal,0.8333,0,0,,1,1,1,1,1,1,0,0,0,1,0,0.6085,onet_da_08; onet_da_06; ats_keyword_02; onet_aiml_02,
Data_Analytics-v03_sparse_plain-p02,C,Data Analytics,v03_sparse_plain,0.75,0,0,,1,1,1,1,1,1,0,0,0,1,0,0.5776,onet_da_08; onet_aiml_02; onet_da_06; ats_keyword_02,
Data_Analytics-v04_sparse_verbose-p03,C,Data Analytics,v04_sparse_verbose,0.8571,0,0,,1,1,1,1,1,1,0,0,0,1,0,0.92,onet_aiml_02; onet_da_08; star_bullet_01; ats_keyword_02,
Data_Analytics-v05_medium_plain-p06,C,Data Analytics,v05_medium_plain,0.8889,0,0,,1,1,1,1,1,1,0,1,1,1,0,0.88,onet_da_06; onet_da_08; onet_aiml_02; ats_keyword_02,
Product_Management-v01_sparse_terse-p00,C,Product Management,v01_sparse_terse,0.8333,0,0,,1,1,1,1,1,1,0,0,0,1,0,0.92,onet_pm_06; onet_pm_08; onet_pm_03; onet_pm_02,
Product_Management-v02_sparse_formal-p01,C,Product Management,v02_sparse_formal,0.625,0,0,,1,1,1,1,1,1,0,0,0,1,0,0.88,onet_pm_08; onet_pm_06; onet_pm_01; onet_pm_03,
Product_Management-v03_sparse_plain-p02,C,Product Management,v03_sparse_plain,0.6,0,0,,1,1,1,1,1,1,0,0,0,1,0,0.88,onet_pm_08; onet_pm_06; onet_pm_01; onet_pm_05,
Product_Management-v04_sparse_verbose-p03,C,Product Management,v04_sparse_verbose,0.75,0,0,,1,1,1,1,1,1,0,0,0,1,0,0.92,onet_pm_08; onet_pm_06; onet_pm_03; onet_pm_01,
Product_Management-v05_medium_plain-p06,C,Product Management,v05_medium_plain,0.8,0,0,,1,1,1,1,0,0,0,1,1,0,0,0.84,onet_pm_08; onet_pm_07; onet_pm_02; onet_pm_01,
