case_id,named_set_adjusted,job_family,variant,profile_id,jd_named_skills,jd_implied_skills,jd_required_skills,candidate_skills,skill_overlap,hard_case,should_abstain,hard_case_definition,expected_full_name,expected_email,expected_education_school,expected_top_skills,expected_top_skills_n,expected_education_degree,expected_education_major
AIML-v01_sparse_terse-p00,,AI/ML,v01_sparse_terse,aiml_p00,Machine Learning|Feature Engineering|Model Evaluation|Hugging Face|SQL,Docker|MLOps,Feature Engineering|Hugging Face|Machine Learning|Model Evaluation|SQL|Docker|MLOps,Deep Learning|Docker|Feature Engineering|Git|MLOps|Machine Learning|Model Evaluation|NLP|Pandas|PyTorch|Python|SQL|TensorFlow|scikit-learn,0.8571,0,0,skill_overlap < 0.5,Tan Wei Ling,tan.weiling@example.edu,Nanyang Technological University,Docker|Feature Engineering|MLOps|Machine Learning|Model Evaluation|SQL,3,Master of Science,Artificial Intelligence
AIML-v02_sparse_formal-p01,Machine Learning,AI/ML,v02_sparse_formal,aiml_p01,Machine Learning|Deep Learning|PyTorch|TensorFlow|NLP|MLOps,Model Evaluation,Deep Learning|MLOps|Machine Learning|NLP|PyTorch|TensorFlow|Model Evaluation,Deep Learning|Feature Engineering|Git|MLOps|Machine Learning|Model Evaluation|NLP|NumPy|Pandas|PyTorch|Python|SQL|scikit-learn,0.8571,0,0,skill_overlap < 0.5,Arun Prakash,arun.prakash@example.edu,National University of Singapore,Deep Learning|MLOps|Machine Learning|Model Evaluation|NLP|PyTorch,3,Master of Science,Computer Science
AIML-v03_sparse_plain-p02,,AI/ML,v03_sparse_plain,aiml_p02,Python|Deep Learning|scikit-learn|NLP|MLOps|Model Evaluation,Git|Docker,Deep Learning|MLOps|Model Evaluation|NLP|Python|scikit-learn|Docker|Git,Deep Learning|Git|MLOps|Machine Learning|Model Evaluation|NLP|Pandas|PyTorch|Python|SQL|scikit-learn,0.8750,0,0,skill_overlap < 0.5,Ng Hui Min,ng.huimin@example.edu,Singapore Management University,Deep Learning|Git|MLOps|Model Evaluation|NLP|Python|scikit-learn,3,Bachelor of Science,Information Systems
AIML-v04_sparse_verbose-p03,Computer Vision,AI/ML,v04_sparse_verbose,aiml_p03,Deep Learning|TensorFlow|MLOps|Feature Engineering|Hugging Face|SQL|Computer Vision,Model Evaluation,Computer Vision|Deep Learning|Feature Engineering|Hugging Face|MLOps|SQL|TensorFlow|Model Evaluation,Deep Learning|Git|Machine Learning|Model Evaluation|NLP|NumPy|Pandas|PyTorch|Python|SQL|scikit-learn,0.3750,1,1,skill_overlap < 0.5,Siti Nurhaliza,siti.nurhaliza@example.edu,Nanyang Technological University,Deep Learning|Model Evaluation|SQL,3,Master of Science,Data Science
AIML-v05_medium_plain-p06,NLP,AI/ML,v05_medium_plain,aiml_p06,Python|Deep Learning|PyTorch|TensorFlow|scikit-learn|NLP|Feature Engineering|Hugging Face|SQL,MLOps|Docker|Git,Deep Learning|Feature Engineering|Hugging Face|NLP|PyTorch|Python|SQL|TensorFlow|scikit-learn|Docker|Git|MLOps,Machine Learning|Pandas|PyTorch|Python|SQL|Statistics|scikit-learn,0.3333,1,1,skill_overlap < 0.5,Daniel Oh,daniel.oh@example.edu,National University of Singapore,PyTorch|Python|SQL|scikit-learn,3,Bachelor of Science,Statistics
Software_Engineering-v01_sparse_terse-p00,,Software Engineering,v01_sparse_terse,se_p00,Java|Git|Kubernetes|CI/CD|Microservices,SQL|Unit Testing,CI/CD|Git|Java|Kubernetes|Microservices|SQL|Unit Testing,Agile|Bash|CI/CD|Docker|Git|Java|JavaScript|Kubernetes|Linux|Python|REST APIs|SQL|TypeScript|Unit Testing,0.8571,0,0,skill_overlap < 0.5,Wong Kai Xin,wong.kaixin@example.edu,Nanyang Technological University,CI/CD|Git|Java|Kubernetes|SQL|Unit Testing,3,Bachelor of Science,Computer Science
Software_Engineering-v02_sparse_formal-p01,,Software Engineering,v02_sparse_formal,se_p01,Git|CI/CD|REST APIs|Unit Testing|SQL,,CI/CD|Git|REST APIs|SQL|Unit Testing,Bash|CI/CD|Docker|Git|Java|JavaScript|Kubernetes|Linux|Python|REST APIs|SQL|Unit Testing,1.0000,0,0,skill_overlap < 0.5,Nurul Aisyah,nurul.aisyah@example.edu,National University of Singapore,CI/CD|Git|REST APIs|SQL|Unit Testing,3,Bachelor of Science,Computer Science
Software_Engineering-v03_sparse_plain-p02,,Software Engineering,v03_sparse_plain,se_p02,Python|Git|Docker|Kubernetes|Unit Testing|Microservices,REST APIs|CI/CD|SQL,Docker|Git|Kubernetes|Microservices|Python|Unit Testing|CI/CD|REST APIs|SQL,Agile|CI/CD|Docker|Git|JavaScript|Python|REST APIs|SQL|TypeScript|Unit Testing,0.7778,0,0,skill_overlap < 0.5,Lee Zhong Wei,lee.zhongwei@example.edu,Singapore Management University,CI/CD|Docker|Git|Python|REST APIs|SQL|Unit Testing,3,Bachelor of Science,Information Systems
Software_Engineering-v04_sparse_verbose-p03,,Software Engineering,v04_sparse_verbose,se_p03,Java|JavaScript|Git|CI/CD|Unit Testing|SQL,REST APIs,CI/CD|Git|Java|JavaScript|SQL|Unit Testing|REST APIs,CI/CD|Docker|Git|Java|Linux|Python|REST APIs|SQL|Unit Testing,0.8571,0,0,skill_overlap < 0.5,Ravi Kumar,ravi.kumar@example.edu,Nanyang Technological University,CI/CD|Git|Java|REST APIs|SQL|Unit Testing,3,Bachelor of Science,Computer Engineering
Software_Engineering-v05_medium_plain-p06,,Software Engineering,v05_medium_plain,se_p06,Java|TypeScript|Git|Kubernetes|CI/CD|Unit Testing|SQL|Microservices,REST APIs,CI/CD|Git|Java|Kubernetes|Microservices|SQL|TypeScript|Unit Testing|REST APIs,Excel|Git|JavaScript|Python|REST APIs|SQL,0.3333,1,1,skill_overlap < 0.5,Yeo Wen Jun,yeo.wenjun@example.edu,National University of Singapore,Git|REST APIs|SQL,3,Bachelor of Science,Information Systems
Data_Analytics-v01_sparse_terse-p00,,Data Analytics,v01_sparse_terse,da_p00,Pandas|Data Visualisation|Statistics|ETL|Dashboarding,A/B Testing,Dashboarding|Data Visualisation|ETL|Pandas|Statistics|A/B Testing,A/B Testing|BigQuery|Dashboarding|Data Cleaning|Data Visualisation|ETL|Excel|Git|Machine Learning|NumPy|Pandas|Python|SQL|Statistics,1.0000,0,0,skill_overlap < 0.5,Ang Pei Shan,ang.peishan@example.edu,Nanyang Technological University,A/B Testing|Dashboarding|Data Visualisation|ETL|Pandas|Statistics,3,Master of Science,Business Analytics
Data_Analytics-v02_sparse_formal-p01,,Data Analytics,v02_sparse_formal,da_p01,SQL|Python|Pandas|NumPy|Statistics,ETL,NumPy|Pandas|Python|SQL|Statistics|ETL,A/B Testing|BigQuery|Dashboarding|Data Cleaning|Data Visualisation|ETL|Excel|Git|Pandas|Python|SQL|Statistics,0.8333,0,0,skill_overlap < 0.5,Muhammad Faiz,muhammad.faiz@example.edu,National University of Singapore,ETL|Pandas|Python|SQL|Statistics,3,Bachelor of Science,Statistics
Data_Analytics-v03_sparse_plain-p02,,Data Analytics,v03_sparse_plain,da_p02,Python|NumPy|Data Cleaning|Data Visualisation|Excel|Dashboarding,Statistics|A/B Testing,Dashboarding|Data Cleaning|Data Visualisation|Excel|NumPy|Python|A/B Testing|Statistics,A/B Testing|BigQuery|Dashboarding|Data Cleaning|Data Visualisation|Excel|Pandas|Python|SQL|Statistics,0.8750,0,0,skill_overlap < 0.5,Ho Li Wen,ho.liwen@example.edu,Singapore Management University,A/B Testing|Dashboarding|Data Cleaning|Data Visualisation|Excel|Python|Statistics,3,Bachelor of Science,Business Analytics
Data_Analytics-v04_sparse_verbose-p03,,Data Analytics,v04_sparse_verbose,da_p03,Pandas|NumPy|Data Cleaning|Data Visualisation|A/B Testing|Dashboarding,Statistics,A/B Testing|Dashboarding|Data Cleaning|Data Visualisation|NumPy|Pandas|Statistics,A/B Testing|Dashboarding|Data Cleaning|Excel|Git|NumPy|Pandas|Python|SQL|Statistics,0.8571,0,0,skill_overlap < 0.5,Kavitha Nair,kavitha.nair@example.edu,Nanyang Technological University,A/B Testing|Dashboarding|Data Cleaning|NumPy|Pandas|Statistics,3,Bachelor of Science,Data Science
Data_Analytics-v05_medium_plain-p06,,Data Analytics,v05_medium_plain,da_p06,SQL|Pandas|NumPy|Statistics|A/B Testing|Excel|Dashboarding|BigQuery,ETL,A/B Testing|BigQuery|Dashboarding|Excel|NumPy|Pandas|SQL|Statistics|ETL,Dashboarding|Data Visualisation|Excel|SQL|Statistics,0.4444,1,1,skill_overlap < 0.5,Divya Suresh,divya.suresh@example.edu,Singapore Management University,Dashboarding|Excel|SQL|Statistics,3,Bachelor of Science,Marketing
Product_Management-v01_sparse_terse-p00,,Product Management,v01_sparse_terse,pm_p00,User Research|Backlog Grooming|Stakeholder Management|Market Analysis|Product Metrics,Jira,Backlog Grooming|Market Analysis|Product Metrics|Stakeholder Management|User Research|Jira,A/B Testing|Agile|Backlog Grooming|Data Visualisation|Excel|Jira|Market Analysis|Product Metrics|Product Roadmap|SQL|Stakeholder Management|User Research|Wireframing,1.0000,0,0,skill_overlap < 0.5,Chong Wan Ling,chong.wanling@example.edu,Nanyang Technological University,Backlog Grooming|Jira|Market Analysis|Product Metrics|Stakeholder Management|User Research,3,Master of Science,Information Systems
Product_Management-v02_sparse_formal-p01,,Product Management,v02_sparse_formal,pm_p01,Backlog Grooming|Stakeholder Management|Product Metrics|SQL|Excel,Jira|Wireframing|User Research,Backlog Grooming|Excel|Product Metrics|SQL|Stakeholder Management|Jira|User Research|Wireframing,Agile|Backlog Grooming|Data Visualisation|Excel|Jira|Product Metrics|Product Roadmap|SQL|Stakeholder Management|Statistics|User Research|Wireframing,1.0000,0,0,skill_overlap < 0.5,Ganesh Iyer,ganesh.iyer@example.edu,National University of Singapore,Backlog Grooming|Excel|Jira|Product Metrics|SQL|Stakeholder Management|User Research|Wireframing,3,Bachelor of Science,Business Analytics
Product_Management-v03_sparse_plain-p02,,Product Management,v03_sparse_plain,pm_p02,Product Roadmap|Backlog Grooming|Stakeholder Management|SQL|Excel|Data Visualisation,Market Analysis|Jira|User Research|Wireframing,Backlog Grooming|Data Visualisation|Excel|Product Roadmap|SQL|Stakeholder Management|Jira|Market Analysis|User Research|Wireframing,Agile|Backlog Grooming|Data Visualisation|Excel|Jira|Market Analysis|Product Metrics|Product Roadmap|User Research|Wireframing,0.8000,0,0,skill_overlap < 0.5,Tan Serene,tan.serene@example.edu,Singapore Management University,Backlog Grooming|Data Visualisation|Excel|Jira|Market Analysis|Product Roadmap|User Research|Wireframing,3,Bachelor of Science,Marketing
Product_Management-v04_sparse_verbose-p03,,Product Management,v04_sparse_verbose,pm_p03,Stakeholder Management|Product Metrics|Jira|Agile|SQL|Data Visualisation,Backlog Grooming|Market Analysis,Agile|Data Visualisation|Jira|Product Metrics|SQL|Stakeholder Management|Backlog Grooming|Market Analysis,Agile|Backlog Grooming|Excel|Jira|Product Metrics|Product Roadmap|SQL|Stakeholder Management|User Research,0.7500,0,0,skill_overlap < 0.5,Hafiz Osman,hafiz.osman@example.edu,Nanyang Technological University,Agile|Backlog Grooming|Jira|Product Metrics|SQL|Stakeholder Management,3,Bachelor of Science,Information Systems
Product_Management-v05_medium_plain-p06,,Product Management,v05_medium_plain,pm_p06,Product Roadmap|Wireframing|Market Analysis|Jira|Agile|SQL|Excel|Data Visualisation,User Research|Backlog Grooming,Agile|Data Visualisation|Excel|Jira|Market Analysis|Product Roadmap|SQL|Wireframing|Backlog Grooming|User Research,Agile|Excel|Product Metrics|Stakeholder Management|Statistics,0.2000,1,1,skill_overlap < 0.5,Chia Meng Hui,chia.menghui@example.edu,Singapore Management University,Agile|Excel,2,Bachelor of Science,Economics
